lemma,traduzione,parte del discorso,gruppo,posizione,
māgnus -a -um,grande,Aggettivo: I Classe (I e II,Misura,25,
,,Declinazione),,,
suus -a -um,"suo, sua",Aggettivo: I Classe (I e II,Pronomi/Interrogativi,27,
,,Declinazione),,,
alius -a -ud,"altro, un altro; ālias: in altri tempi",Aggettivo: I Classe (I e II,Pronomi/Interrogativi,37,
,,Declinazione),,,
multus -a -um,"molto; multō, di gran lungo",Aggettivo: I Classe (I e II,Misura,43,
,,Declinazione),,,
tuus -a -um,tuo,Aggettivo: I Classe (I e II,Pronomi/Interrogativi,44,
,,Declinazione),,,
nūllus -a -um,"nessuno, nessuna cosa",Aggettivo: I Classe (I e II,Pronomi/Interrogativi,49,
,,Declinazione),,,
ūnus -a -um,uno,Aggettivo: I Classe (I e II,Misura,53,
,,Declinazione),,,
bonus -a -um,buono,Aggettivo: I Classe (I e II,Tratti della,68,
,,Declinazione),Personalità/Caratteristiche,,
tōtus -a -um,"intero, tutto",Aggettivo: I Classe (I e II,Misura,78,
,,Declinazione),,,
prīmus -a -um,primo,Aggettivo: I Classe (I e II,Tempo,91,
,,Declinazione),,,
superus -a -um,"situato sopra, sopra",Aggettivo: I Classe (I e II,Religione,99,
,,Declinazione),,,
tantus -a -um,"così grande, così tanto; (come pronome)",Aggettivo: I Classe (I e II,Misura,105,
,"in grande quantità, tanto; tantī, a tal",Declinazione),,,
,"prezzo, di tal valore",,,,
vōs,"voi; (gen.) vestrum/vestrī, (dat./abl.)",Aggettivo: I Classe (I e II,Pronomi/Interrogativi,130,
,"vōbīs, (acc.) vōs",Declinazione),,,
miser misera miserum,misero,Aggettivo: I Classe (I e II,Emozioni,137,
,,Declinazione),,,
novus -a -um,nuovo,Aggettivo: I Classe (I e II,Tempo,139,
,,Declinazione),,,
longus -a -um,"lungo, esteso",Aggettivo: I Classe (I e II,Misura,142,
,,Declinazione),,,
parvus -a -um,piccolo,Aggettivo: I Classe (I e II,Misura,143,
,,Declinazione),,,
alter altera alterum,altro di due,Aggettivo: I Classe (I e II,Misura,148,
,,Declinazione),,,
altus -a -um,"alto, profondo",Aggettivo: I Classe (I e II,Geografia,159,
,,Declinazione),,,
medius -a -um,"medio, centrale",Aggettivo: I Classe (I e II,Luogo,162,
,,Declinazione),,,
sōlus -a -um,solo,Aggettivo: I Classe (I e II,Misura,176,
,,Declinazione),,,
ūllus -a -um,"qualcuno, qualche cosa",Aggettivo: I Classe (I e II,Pronomi/Interrogativi,178,
,,Declinazione),,,
amīcus -a -um,amichevole; (come sostantivo) amico,Aggettivo: I Classe (I e II,Tratti della,198,
,,Declinazione),Personalità/Caratteristiche,,
ferus -a -um,"feroce, selvaggio; fera -ae f.: animale",Aggettivo: I Classe (I e II,Animali/Piante,222,
,"selvaggio, fiera",Declinazione),,,
malus -a -um,"cattivo, malvagio",Aggettivo: I Classe (I e II,Tratti della,227,
,,Declinazione),Personalità/Caratteristiche,,
līber lībera līberum,libero; līberī (m. pl.): figli nati liberi,Aggettivo: I Classe (I e II,Giustizia,229,
,,Declinazione),,,
saevus -a -um,"feroce, irato, arrabbiato",Aggettivo: I Classe (I e II,Tratti della,244,
,,Declinazione),Personalità/Caratteristiche,,
dūrus -a -um,duro,Aggettivo: I Classe (I e II,Altri Sensi,249,
,,Declinazione),,,
dexter -tra -trum,destro; dextera -ae f.: mano destra,Aggettivo: I Classe (I e II,Luogo,260,
,,Declinazione),,,
laetus -a -um,"lieto, contento",Aggettivo: I Classe (I e II,Emozioni,262,
,,Declinazione),,,
vester vestra vestrum,vostro,Aggettivo: I Classe (I e II,Pronomi/Interrogativi,282,
,,Declinazione),,,
certus -a -um,"sicuro, stabilito, certo",Aggettivo: I Classe (I e II,Misura,285,
,,Declinazione),,,
dīgnus -a -um,degno,Aggettivo: I Classe (I e II,Tratti della,291,
,,Declinazione),Personalità/Caratteristiche,,
cūnctus -a -um,tutto assieme,Aggettivo: I Classe (I e II,Misura,292,
,,Declinazione),,,
hūmānus -a -um,umano,Aggettivo: I Classe (I e II,Gente,355,
,,Declinazione),,,
tūtus -a -um,"sicuro, protetto",Aggettivo: I Classe (I e II,Guerra e Pace,365,
,,Declinazione),,,
aliēnus -a -um,straniero,Aggettivo: I Classe (I e II,Geografia,367,
,,Declinazione),,,
socius -a -um,"amichevole, alleato; socius -ī m.: alleato",Aggettivo: I Classe (I e II,Vita Sociale,372,
,,Declinazione),,,
extrēmus -a -um,"il più lontano, situato alla fine, estremo",Aggettivo: I Classe (I e II,Geografia,385,
,,Declinazione),,,
clārus -a -um,"chiaro, distinto",Aggettivo: I Classe (I e II,Tratti della,395,
,,Declinazione),Personalità/Caratteristiche,,
sacer sacra sacrum,"santo, sacro",Aggettivo: I Classe (I e II,Religione,398,
,,Declinazione),,,
beātus -a -um,"felice, benedetto, prospero, fortunato,",Aggettivo: I Classe (I e II,Tratti della,408,
,beato,Declinazione),Personalità/Caratteristiche,,
vērus -a -um,vero,Aggettivo: I Classe (I e II,Discorso/Oratoria,410,
,,Declinazione),,,
īnferus -a -um,"basso; īnferior: inferiore, più basso;",Aggettivo: I Classe (I e II,Geografia,428,
,īnfimus or īmus: bassissimo,Declinazione),,,
ultimus -a -um,"il più lontano, finale, ultimo",Aggettivo: I Classe (I e II,Geografia,432,
,,Declinazione),,,
grātus -a -um,"piacevole, gradito",Aggettivo: I Classe (I e II,Tratti della,434,
,,Declinazione),Personalità/Caratteristiche,,
plēnus -a -um,pieno,Aggettivo: I Classe (I e II,Misura,459,
,,Declinazione),,,
cārus -a -um,caro,Aggettivo: I Classe (I e II,Tratti della,462,
,,Declinazione),Personalità/Caratteristiche,,
nōtus -a -um,ben noto,Aggettivo: I Classe (I e II,Tratti della,477,
,,Declinazione),Personalità/Caratteristiche,,
tener -era -erum,tenero,Aggettivo: I Classe (I e II,Altri Sensi,490,
,,Declinazione),,,
omnis -e,"tutto, ogni, per intero",Aggettivo: II Classe (III,Misura,18,
,,Declinazione),,,
gravis -e,"pesante, serio, grave",Aggettivo: II Classe (III,Misura,140,
,,Declinazione),,,
ingēns ingentis,"enorme, ingente",Aggettivo: II Classe (III,Misura,202,
,,Declinazione),,,
tālis tāle,tale,Aggettivo: II Classe (III,Misura,203,
,,Declinazione),,,
levis -e,"leggero, banale",Aggettivo: II Classe (III,Misura,220,
,,Declinazione),,,
trīstis -e,"triste, solenne, truce",Aggettivo: II Classe (III,Emozioni,275,
,,Declinazione),,,
pār paris,uguale,Aggettivo: II Classe (III,Misura,281,
,,Declinazione),,,
fortis -e,"coraggioso, forte",Aggettivo: II Classe (III,Tratti della,286,
,,Declinazione),Personalità/Caratteristiche,,
vetus veteris,vecchio,Aggettivo: II Classe (III,Tempo,295,
,,Declinazione),,,
fēlīx -īcis,fortunato,Aggettivo: II Classe (III,Tratti della,309,
,,Declinazione),Personalità/Caratteristiche,,
prīnceps -cipis,"primo, capo; (come sostantivo)",Aggettivo: II Classe (III,La Città,317,
,"condottiero, persona in capo",Declinazione),,,
mollis -e,"soffice, soft, cedevole, gentile",Aggettivo: II Classe (III,Altri Sensi,356,
,,Declinazione),,,
turpis -e,"brutto, sgradevole, disgraziato",Aggettivo: II Classe (III,Altri Sensi,377,
,,Declinazione),,,
dulcis -e,dolce,Aggettivo: II Classe (III,Altri Sensi,383,
,,Declinazione),,,
similis -e,"simile, uguale",Aggettivo: II Classe (III,Tratti della,414,
,,Declinazione),Personalità/Caratteristiche,,
facilis -e,"semplice, facile",Aggettivo: II Classe (III,Tratti della,451,
,,Declinazione),Personalità/Caratteristiche,,
sapiēns -ntis,"saggio; (come sostantivo) uomo saggio,",Aggettivo: II Classe (III,Educazione/Conoscenza,453,
,filosofo,Declinazione),,,
nōbilis -e,"nobile, distinto; (come sostantivo) a",Aggettivo: II Classe (III,Tratti della,455,
,nobleman or woman,Declinazione),Personalità/Caratteristiche,,
duo duae duo,due,Aggettivo: Numerale,Misura,221,
mīlle (pl.) mīlia,mille,Aggettivo: Numerale,Misura,247,
nōn,non,Avverbio,Congiunzioni/Avverbi,6,
"ut, utī","come (+ indic.); cosicché, con il risultato",Avverbio,Congiunzioni/Avverbi,15,
,che (+ subj.); (in domande) in che,,,,
,"maniera, come; (in esclamazioni) fino a",,,,
,che punto! come!,,,,
quam,"come?; (dopo un comparativo) che, come",Avverbio,Pronomi/Interrogativi,29,
iam,ora; già,Avverbio,Tempo,34,
nunc,ora,Avverbio,Tempo,50,
"tum, tunc",allora,Avverbio,Tempo,56,
etiam,"anche, pure",Avverbio,Congiunzioni/Avverbi,67,
sīc,"in questa maniera, così; così... come:",Avverbio,Congiunzioni/Avverbi,79,
,nella stesso modo di,,,,
hīc,qui; hinc: da qui,Avverbio,Luogo,80,
magis,più,Avverbio,Congiunzioni/Avverbi,90,
ubi,dove,Avverbio,Luogo,92,
tam,"così, tanto",Avverbio,Congiunzioni/Avverbi,96,
ita,così,Avverbio,Congiunzioni/Avverbi,120,
quidem,"certamente, almeno",Avverbio,Congiunzioni/Avverbi,136,
saepe,spesso,Avverbio,Tempo,145,
semper,sempre,Avverbio,Tempo,149,
deinde/dein,"poi, allora",Avverbio,Tempo,150,
modo,"appena, ora appena; modo ... modo: ora",Avverbio,Tempo,152,
,"... ora, in un momento ... in un altro,",,,,
,qualche volta... altre volte,,,,
parum,molto piccolo,Avverbio,Misura,204,
"tantum, tantummodo",solo,Avverbio,Misura,216,
haud,non,Avverbio,Congiunzioni/Avverbi,226,
bene,bene,Avverbio,Tratti della,235,
,,,Personalità/Caratteristiche,,
ne (enclitic),particella interrogativa aggiunta alla,Avverbio,Pronomi/Interrogativi,238,
,"parola in questione, per enfasi",,,,
numquam,non mai,Avverbio,Tempo,251,
prīmum,"all'inizio, dapprima",Avverbio,Tempo,252,
tot,così tanti,Avverbio,Misura,259,
simul,allo stesso tempo,Avverbio,Tempo,274,
VERO,"infatti, certamente, senza dubbio",Avverbio,Congiunzioni/Avverbi,280,
unde,da dove,Avverbio,Luogo,300,
quō,per quale ragione; verso o in quel posto;,Avverbio,Pronomi/Interrogativi,305,
,"a qual fine, per quale proposito?",,,,
inde,"da qui, da lì",Avverbio,Luogo,328,
"satis, sat","abbastanza, a sufficienza",Avverbio,Misura,341,
vix,scarsamente,Avverbio,Congiunzioni/Avverbi,352,
diū,"a lungo, per un lungo tempo",Avverbio,Tempo,361,
tamquam,"come se, in quanto",Avverbio,Congiunzioni/Avverbi,363,
hūc,"a questo posto, qua",Avverbio,Luogo,368,
adhūc,a questo punto,Avverbio,Luogo,379,
illīc,"a quel posto, là; illinc: da quel posto",Avverbio,Luogo,396,
procul,"a distanza, lontano",Avverbio,Luogo,397,
longē,"lontano, lontano da",Avverbio,Misura,400,
super,sopra (avv. e prep. +acc.),Avverbio,Luogo,401,
cūr,perché?,Avverbio,Pronomi/Interrogativi,404,
tandem,finalmente,Avverbio,Congiunzioni/Avverbi,427,
nōndum,non ancora,Avverbio,Congiunzioni/Avverbi,436,
rūrsus,"di nuovo, ancora",Avverbio,Luogo,440,
velut,come,Avverbio,Congiunzioni/Avverbi,447,
quīn,"(avv.) davvero, infatti; (conjunction) so",Avverbio,Congiunzioni/Avverbi,456,
,that ... not (+ subj.),,,,
adversus (-um),"(avv. e prep.) al contrario, contro,",Avverbio,Guerra e Pace,460,
,opposto (a),,,,
mox,presto,Avverbio,Tempo,469,
eō,"(avv.) là, in quel posto",Avverbio,Luogo,470,
umquam,mai,Avverbio,Tempo,482,
prius or priusquam,prima,Avverbio,Tempo,484,
quamvīs,come ti piace; sebbene,Avverbio,Congiunzioni/Avverbi,489,
quīppe,"(avv.) davvero, sicuramente",Avverbio,Congiunzioni/Avverbi,499,
et,e,Congiunzione,Congiunzioni/Avverbi,1,
que,e (enclitica postpositiva),Congiunzione,Congiunzioni/Avverbi,4,
sī,se,Congiunzione,Congiunzioni/Avverbi,16,
nec,"e non, nemmeno; nec ... nec, nemmeno",Congiunzione,Congiunzioni/Avverbi,19,
,... neppure; → neque,,,,
sed,ma,Congiunzione,Congiunzioni/Avverbi,20,
aut,o,Congiunzione,Congiunzioni/Avverbi,24,
atque,"e in aggiunta, e anche, e; (dopo un",Congiunzione,Congiunzioni/Avverbi,35,
,"comparativo) che; simul atque, non",,,,
,appena; → ac,,,,
ac,"e in aggiunta, e anche, e; (dopo un",Congiunzione,Congiunzioni/Avverbi,36,
,"comparativo) che; simul ac, non appena;",,,,
,→ atque,,,,
nē,che non,Congiunzione,Congiunzioni/Avverbi,47,
enim,infatti,Congiunzione,Pronomi/Interrogativi,57,
tamen,"nonostante, ancora",Congiunzione,Congiunzioni/Avverbi,58,
nam or namque,"per, davvero, infatti",Congiunzione,Congiunzioni/Avverbi,61,
neque,"e non, nemmeno; neque ... neque,",Congiunzione,Congiunzioni/Avverbi,72,
,nemmeno ... neppure; → nec,,,,
at,"ma, ma anche",Congiunzione,Congiunzioni/Avverbi,74,
quoque,anche,Congiunzione,Congiunzioni/Avverbi,76,
an,o (nelle domande); utrum ... an: se ... o,Congiunzione,Congiunzioni/Avverbi,94,
"nisi, nī","se non, a meno che",Congiunzione,Congiunzioni/Avverbi,100,
dum,mentre (+ indic.); fino a quando (+ cong.);,Congiunzione,Tempo,103,
,dato che (+ cong.),,,,
autem,"inoltre, ma, tuttavia",Congiunzione,Congiunzioni/Avverbi,123,
quia,poiché,Congiunzione,Congiunzioni/Avverbi,132,
ergō,quindi,Congiunzione,Congiunzioni/Avverbi,134,
vel,"o anche, oppure, anche; vel... vel: o...",Congiunzione,Congiunzioni/Avverbi,141,
,oppure,,,,
itaque,"e così, quindi",Congiunzione,Congiunzioni/Avverbi,208,
uterque utraque utrumque,ogni (di due),Congiunzione,Misura,243,
ve,o (postpositiva enclitica),Congiunzione,Congiunzioni/Avverbi,307,
igitur,quindi,Congiunzione,Congiunzioni/Avverbi,313,
seu,o; seu ... seu: o... oppure (sīve),Congiunzione,Congiunzioni/Avverbi,343,
sīve,o; sīve ... sīve: oppure... o (seu),Congiunzione,Congiunzioni/Avverbi,362,
postquam,dopo,Congiunzione,Tempo,384,
terra -ae f.,"terra, paese",Nome: I Declinazione,Terra e Acqua,70,
vīta -ae f.,vita,Nome: I Declinazione,Vita ed Esistenza,87,
causa -ae f.,"causa, ragione; causā + genitivo, per",Nome: I Declinazione,Discorso/Oratoria,107,
,causa di,,,,
fortūna -ae f.,fortuna (sia favorevole che avversa),Nome: I Declinazione,Religione,138,
nātūra -ae f.,natura,Nome: I Declinazione,Vita ed Esistenza,180,
cūra -ae f.,"cura, preoccupazione",Nome: I Declinazione,Love,186,
īra irae f.,"ira, collera",Nome: I Declinazione,Emozioni,187,
via -ae f.,"via, strada",Nome: I Declinazione,Viaggio,196,
unda -ae f.,"onda, acqua che fluisce",Nome: I Declinazione,Terra e Acqua,207,
poena -ae f.,"pena, punizione",Nome: I Declinazione,Giustizia,223,
puella -ae f.,ragazza; fidanzata,Nome: I Declinazione,Gente,233,
silva -ae f.,"foresta, bosco",Nome: I Declinazione,Animali/Piante,234,
umbra -ae f.,ombra,Nome: I Declinazione,Vista,257,
aqua -ae f.,acqua,Nome: I Declinazione,Terra e Acqua,272,
fāma -ae f.,"fama, considerazione",Nome: I Declinazione,Discorso/Oratoria,278,
flamma -ae f.,"fiamma, fuoco",Nome: I Declinazione,Aria e Fuoco,298,
turba -ae f.,"folla, tumulto",Nome: I Declinazione,La Città,323,
cōpia -ae f.,abbondanza; (pl.) truppe,Nome: I Declinazione,Guerra e Pace,331,
patria -ae f.,"terra natale, nazione di nascita",Nome: I Declinazione,Geografia,342,
lacrima -ae f.,"lacrima, pianto",Nome: I Declinazione,Emozioni,354,
glōria -ae f.,"gloria, fama",Nome: I Declinazione,Vita Sociale,360,
fuga -ae f.,"fuga, rotta",Nome: I Declinazione,Viaggio,364,
āra -ae f.,altare,Nome: I Declinazione,Religione,374,
grātia -ae f.,"favore, influenza, gratitudine",Nome: I Declinazione,Vita Sociale,380,
iniūria -ae f.:,"ingiustizia, affronto, ingiuria",Nome: I Declinazione,Giustizia,381,
mora -ae f.,"ritardo, ostacolo",Nome: I Declinazione,Tempo,399,
coma -ae f.,"capelli, chioma",Nome: I Declinazione,Il Corpo,405,
aura -ae f.,brezza,Nome: I Declinazione,Aria e Fuoco,420,
fōrma -ae f.,forma; bellezza,Nome: I Declinazione,Altri Sensi,422,
anima -ae f.,"anima, respiro, spirito",Nome: I Declinazione,Vita ed Esistenza,493,
animus -ī m.,"spirito, mente",Nome: II Declinazione,Vita ed Esistenza,40,
deus -ī m.; dea -ae f.,dio; dea,Nome: II Declinazione,Religione,42,
locus -ī m.,"posto, luogo; loca (n. pl.) regione",Nome: II Declinazione,Geografia,62,
vir virī m.,uomo,Nome: II Declinazione,Gente,85,
bellum -ī n.,guerra,Nome: II Declinazione,Guerra e Pace,86,
arma -ōrum n. pl.,armi,Nome: II Declinazione,Guerra e Pace,98,
caelum -ī n.,cielo,Nome: II Declinazione,Aria e Fuoco,117,
rēgnum -ī n.,"regno, reame",Nome: II Declinazione,Geografia,121,
populus -ī m.,popolo,Nome: II Declinazione,La Città,122,
fātum -ī n.,fato; morte,Nome: II Declinazione,Religione,157,
annus -ī m.,anno,Nome: II Declinazione,Estensione di Tempo,167,
beneficium -ī n.,"servizio, gentilezza",Nome: II Declinazione,Vita Sociale,182,
verbum -ī n.,parola,Nome: II Declinazione,Scrittura/Poesia,188,
puer puerī m.,ragazzo; schiavo,Nome: II Declinazione,Gente,191,
modus -ī m.,"misura, maniera, modo",Nome: II Declinazione,Misura,195,
imperium -ī n.,"comando, potere",Nome: II Declinazione,Guerra e Pace,200,
oculus -ī m.,occhio,Nome: II Declinazione,Il Corpo,206,
nātus -ī m.,figlio,Nome: II Declinazione,La Famiglia,211,
cōnsilium -ī n.,"piano; concilio, gruppo di consilieri",Nome: II Declinazione,La Città,217,
castrum -ī n.,"fortezza, (di solito al plurale, castra",Nome: II Declinazione,Guerra e Pace,224,
,accampamento),,,,
ferrum -ī n.,"ferro, arma o attrezzo in ferro",Nome: II Declinazione,Violenza,231,
dominus -ī m.; domina -ae f.,"padrone di casa, signore; padrona",Nome: II Declinazione,La Famiglia,241,
equus -ī m.,cavallo,Nome: II Declinazione,Animali/Piante,248,
tēlum -ī n.,"missile, arma, dardo",Nome: II Declinazione,Guerra e Pace,255,
sīgnum -ī n.,"segno, marchio",Nome: II Declinazione,Guerra e Pace,261,
perīculum -ī n.,pericolo,Nome: II Declinazione,Violenza,265,
ventus -ī m.,vento,Nome: II Declinazione,Aria e Fuoco,269,
aurum -ī n.,oro,Nome: II Declinazione,Affari/Soldi,303,
saxum -ī n.,"roccia, ciglio",Nome: II Declinazione,Terra e Acqua,306,
ager agrī m.,campo,Nome: II Declinazione,Animali/Piante,324,
vitium -ī n.,"vizio, colpa, crimine",Nome: II Declinazione,Giustizia,326,
vōtum -ī n.,"promessa solenne, giuramento, speranza",Nome: II Declinazione,Religione,334,
iugum -ī n.,"giogo; cresta, catena di colline",Nome: II Declinazione,Animali/Piante,335,
numerus -ī m.,"numero, ammontare",Nome: II Declinazione,Misura,338,
proelium -ī n.,battaglia,Nome: II Declinazione,Guerra e Pace,348,
mundus -ī m.,"mondo, universo, cieli",Nome: II Declinazione,Terra e Acqua,350,
tēctum -ī n.,"tetto, costruzione, casa",Nome: II Declinazione,La Casa,386,
ingenium -ī n.,"abilità, talento, predisposizione",Nome: II Declinazione,Educazione/Conoscenza,387,
campus -ī m.,"pianura, campo",Nome: II Declinazione,Terra e Acqua,391,
spatium -ī n.,spazio,Nome: II Declinazione,Aria e Fuoco,426,
somnus -ī m.,sonno; (pl.) sogni,Nome: II Declinazione,Vita ed Esistenza,438,
studium -ī n.,"zelo, impazienza",Nome: II Declinazione,Emozioni,450,
lēgātus -ī m.,"luogotenente, ambasciatore, inviato",Nome: II Declinazione,Guerra e Pace,464,
tergum -ī n.,"dietro, retro; ā tergō: da dietro",Nome: II Declinazione,Il Corpo,474,
dōnum -ī n.,"dono, regalo",Nome: II Declinazione,Vita Sociale,476,
membrum -ī n.,"arto, membro del corpo umano",Nome: II Declinazione,Il Corpo,481,
templum -ī n.,"terreno consacrato, tempio",Nome: II Declinazione,Religione,485,
servus -ī m.,schiavo,Nome: II Declinazione,La Famiglia,496,
rēx rēgis m.,re,Nome: III Declinazione,La Città,60,
pars partis f.,parte,Nome: III Declinazione,Misura,65,
pater patris m.,"madre, antenato",Nome: III Declinazione,La Famiglia,71,
corpus corporis n.,corpo,Nome: III Declinazione,Il Corpo,75,
urbs urbis f.,città,Nome: III Declinazione,La Città,82,
homō hominis m.,essere umano,Nome: III Declinazione,Gente,88,
tempus -oris n.,tempo,Nome: III Declinazione,Tempo,89,
hostis -is m./f.,"straniero, nemico",Nome: III Declinazione,Guerra e Pace,93,
mors mortis f.,morte,Nome: III Declinazione,Vita ed Esistenza,95,
virtūs -ūtis f.,"virtù, valore, virilità",Nome: III Declinazione,Tratti della,111,
,,,Personalità/Caratteristiche,,
vīs f.,"(acc.) vim, (abl.) vī; (pl.) vīrēs, forza",Nome: III Declinazione,Guerra e Pace,115,
amor -ōris m.,amore,Nome: III Declinazione,Love,116,
nox noctis f.,notte,Nome: III Declinazione,Estensione di Tempo,119,
caput capitis n.,testa,Nome: III Declinazione,Il Corpo,124,
mare -is n.,mare,Nome: III Declinazione,Terra e Acqua,125,
māter mātris f.,madre,Nome: III Declinazione,La Famiglia,127,
nōmen -inis n.,nome,Nome: III Declinazione,Vita Sociale,135,
ōs ōris n.,"bocca, faccia",Nome: III Declinazione,Il Corpo,147,
ignis -is m.,fuoco,Nome: III Declinazione,Aria e Fuoco,151,
scelus -eris n.,"crimine, peccato",Nome: III Declinazione,Giustizia,154,
mīles -itis m.,soldato,Nome: III Declinazione,Guerra e Pace,161,
vōx vōcis f.,"voce, espressione",Nome: III Declinazione,Discorso/Oratoria,169,
genus generis n.,"origine, discendenza, razza",Nome: III Declinazione,La Famiglia,170,
mēns mentis f.,mente,Nome: III Declinazione,Il Corpo,173,
mōs mōris m.,"abitudine, usanza; (pl.) carattere",Nome: III Declinazione,Vita Sociale,181,
pectus -oris n.,"petto, seno",Nome: III Declinazione,Il Corpo,183,
parēns -ntis m./f.,genitore,Nome: III Declinazione,La Famiglia,190,
dolor -ōris m.,"dolore, pena",Nome: III Declinazione,Emozioni,193,
gēns gentis f.,"famiglia, clan",Nome: III Declinazione,La Famiglia,194,
pēs pedis m.,piede,Nome: III Declinazione,Il Corpo,199,
labor -ōris m.,"farica, esercitazione",Nome: III Declinazione,Affari/Soldi,201,
sanguis -inis m.,sangue,Nome: III Declinazione,Il Corpo,214,
coniunx coniugis m./f.,"sposa, marito, moglie",Nome: III Declinazione,La Famiglia,218,
frāter frātris m.,fratello,Nome: III Declinazione,La Famiglia,225,
iter itineris n.,"viaggio, rotta",Nome: III Declinazione,Viaggio,230,
fīnis -is m.,"fine, confine",Nome: III Declinazione,Geografia,236,
dux ducis m./f.,"condottiero, generale",Nome: III Declinazione,Guerra e Pace,239,
mōns montis m.,montagna,Nome: III Declinazione,Geografia,242,
lītus -oris n.,spiaggia,Nome: III Declinazione,Geografia,245,
carmen -inis n.,"poesia, carme",Nome: III Declinazione,Scrittura/Poesia,254,
ratiō -ōnis f.,"metodo, piano, ragione",Nome: III Declinazione,Educazione/Conoscenza,256,
ars artis f.,"abilità, arte",Nome: III Declinazione,Educazione/Conoscenza,258,
lēx lēgis f.,legge,Nome: III Declinazione,Giustizia,264,
mūnus mūneris n.,"regalo, offerta; dovere, obbligo; (pl.)",Nome: III Declinazione,Vita Sociale,276,
,spettacolo di gladiatori,,,,
iuvenis -is m.,giovane,Nome: III Declinazione,Gente,277,
flūmen -inis n.,"fiume, rio",Nome: III Declinazione,Terra e Acqua,283,
honor -ōris m.,"onore, gloria; ufficio, posto di",Nome: III Declinazione,La Città,290,
,responsabilità; cursus honoris: carriera,,,,
,pubblica,,,,
eques equitis m.,cavaliere,Nome: III Declinazione,Guerra e Pace,296,
lūx lūcis f.,luce del giorno,Nome: III Declinazione,Aria e Fuoco,299,
aetās -tātis f.,"età, tempo della vita",Nome: III Declinazione,Estensione di Tempo,308,
iūs iūris n.,"diritto, legge, giustizia",Nome: III Declinazione,Giustizia,314,
ops opis f.,"assistenza, risorsa",Nome: III Declinazione,Affari/Soldi,318,
sōl sōlis m.,sole,Nome: III Declinazione,Aria e Fuoco,320,
cōnsul -ulis m.,console,Nome: III Declinazione,La Città,321,
orbis -is m.,"cerchio, orbita terrestre, mondo",Nome: III Declinazione,Geografia,322,
vulnus -eris n.,ferita,Nome: III Declinazione,Violenza,327,
opus operis n.,"lavoro, opera",Nome: III Declinazione,Affari/Soldi,332,
tellus tellūris f.,terra,Nome: III Declinazione,Terra e Acqua,337,
victor -ōris m.,conquistatore,Nome: III Declinazione,Guerra e Pace,340,
cīvitās -ātis f.,"cittadinanza, stato",Nome: III Declinazione,La Città,346,
nāvis -is f.,nave,Nome: III Declinazione,Viaggio,353,
āgmen -minis n.,colonna (militare) in marcia,Nome: III Declinazione,Guerra e Pace,358,
sīdus -eris n.,"stella, costellazione",Nome: III Declinazione,Aria e Fuoco,359,
auris -is f.,orecchio,Nome: III Declinazione,Il Corpo,366,
legiō -ōnis f.,legione,Nome: III Declinazione,Guerra e Pace,370,
lūmen luminis n.,luce,Nome: III Declinazione,Vista,375,
voluptās -ātis f.,"piacere, godimento",Nome: III Declinazione,Vita Sociale,378,
latus -eris n.,"lato, fianco",Nome: III Declinazione,Il Corpo,382,
pāx pācis f.,pace,Nome: III Declinazione,Guerra e Pace,388,
sēdēs -is f.,"sede, abitazione",Nome: III Declinazione,La Casa,403,
vestis -is f.,"indumento, vestito",Nome: III Declinazione,Vita ed Esistenza,413,
caedēs -is f.,"strage, uccisione",Nome: III Declinazione,Violenza,415,
ōrdō -īnis m.,"ordine, rango",Nome: III Declinazione,Guerra e Pace,416,
virgō -inis f.,"ragazza, vergine",Nome: III Declinazione,Gente,418,
aequor aequoris n.,"superficie piana, mare, pianura",Nome: III Declinazione,Terra e Acqua,424,
laus laudis f.,"lode, apprezzamento, gloria",Nome: III Declinazione,Vita Sociale,444,
comes comitis m./f.,"compagno, camerata; attendente,",Nome: III Declinazione,Vita Sociale,448,
,seguace,,,,
nūmen -inis n.,"volere divino, nume, divinità",Nome: III Declinazione,Religione,452,
nemus nemoris n.,"bosco, foresta",Nome: III Declinazione,Animali/Piante,461,
furor -ōris m.,"rabbia, furore",Nome: III Declinazione,Emozioni,466,
amnis -is m.,"fiume, torrente",Nome: III Declinazione,Terra e Acqua,467,
arbor arboris f.,albero,Nome: III Declinazione,Animali/Piante,468,
cīvis -is m./f.,cittadino,Nome: III Declinazione,La Città,471,
crīmen -inis n.,"verdetto, accusa",Nome: III Declinazione,Giustizia,475,
lībertās -ātis f.,libertà,Nome: III Declinazione,La Città,495,
soror -ōris f.,sorella,Nome: III Declinazione,La Famiglia,497,
"nihil, nīl","niente, nulla",Nome: Indeclinabile,Misura,55,
manus -ūs f.,"mano; manipolo (unità militare, banda di",Nome: IV Declinazione,Il Corpo,48,
,uomini),,,,
domus -ūs f.,"casa, abitazione",Nome: IV Declinazione,La Casa,73,
vultus -ūs m.,"volto, espressione, faccia",Nome: IV Declinazione,Il Corpo,209,
metus -ūs m.,"paura, terrore",Nome: IV Declinazione,Emozioni,215,
exercitus -ūs m.,"esercito, armata",Nome: IV Declinazione,Guerra e Pace,267,
senātus -ūs m.,senato,Nome: IV Declinazione,La Città,329,
cāsus -ūs m.,caso; possibilità,Nome: IV Declinazione,Violenza,344,
cursus -ūs m.,"corso, progresso",Nome: IV Declinazione,Atletica,351,
impetus -ūs m.,"attacco, assalto",Nome: IV Declinazione,Violenza,421,
ūsus -ūs m.,"usanza, esperienza",Nome: IV Declinazione,Educazione/Conoscenza,446,
sinus -ūs m.,"piega di un indumento; baia, golfo",Nome: IV Declinazione,Terra e Acqua,478,
currus -ūs m.,carro,Nome: IV Declinazione,Atletica,491,
fluctus -ūs m,"flusso, onda",Nome: IV Declinazione,Terra e Acqua,498,
rēs reī f.,"cosa (rēs pūblica, repubblica; rēs",Nome: V Declinazione,Vita ed Esistenza,38,
,"familiāris, patrimonio di famiglia,",,,,
,"possedimento; rēs mīlitāris, arte della",,,,
,"guerra; rēs novae, rivoluzione)",,,,
diēs diēī m./f.,giorno,Nome: V Declinazione,Estensione di Tempo,54,
fidēs -eī f.,"fiducia, fede",Nome: V Declinazione,Tratti della,184,
,,,Personalità/Caratteristiche,,
spēs speī f.,speranza,Nome: V Declinazione,Emozioni,232,
aciēs -ēī f.,"schiera, linea di battaglia",Nome: V Declinazione,Guerra e Pace,439,
faciēs -ēī f.,"forma, apparenza",Nome: V Declinazione,Vista,479,
in,"in, su (+ abl.); in, verso (+ acc)",Preposizione,Luogo,5,
cum,"con (prep. + abl.); quando, dal momento",Preposizione,Congiunzioni/Avverbi,10,
,"che, sebbene (congiunzione +",,,,
,congiuntivo),,,,
ad,"a, fino a, verso (+acc.)",Preposizione,Luogo,14,
ā ab abs,da (+abl.),Preposizione,Luogo,21,
"ex, ē","da, fuori da (+ abl.)",Preposizione,Luogo,26,
per,attraverso (+acc.),Preposizione,Luogo,30,
dē,"da, circa, a proposito (+ abl.)",Preposizione,Luogo,46,
inter,"tra, in mezzo a; durante (+ acc.)",Preposizione,Luogo,64,
sine,senza (+ abl.),Preposizione,Preposizioni non Direzionali,104,
ante,"prima di, davanti a (avv. e prep. + acc.)",Preposizione,Tempo,112,
sub,"sotto, vicino a (+acc. o +abl.)",Preposizione,Luogo,118,
prō,"per, a favore di, in proporzione a (+abl.)",Preposizione,Preposizioni non Direzionali,128,
post,dopo (avv. e prep. +acc.),Preposizione,Tempo,164,
prope,"vicino, prossimo; (comp.) propior,",Preposizione,Luogo,189,
,"(superl.) proximus; (avv.) prope, quasi",,,,
apud,"vicino, in presenza di, presso (+acc.)",Preposizione,Luogo,205,
contrā,"contro, in opposizione a (avv. e prep.",Preposizione,Luogo,271,
,+acc.),,,,
ob,"contro, per causa di (+acc)",Preposizione,Luogo,449,
quī quae quod,"chi, il quale",Pronome,Pronomi/Interrogativi,3,
hic haec hoc,"questo, questi",Pronome,Pronomi/Interrogativi,7,
ille illa illud,quello,Pronome,Pronomi/Interrogativi,8,
tū tuī tibi tē,tu,Pronome,Pronomi/Interrogativi,9,
ego meī mihi mē,"io, me",Pronome,Pronomi/Interrogativi,11,
quisquam quicquam/quidquam,"ogni (singola) persona, ognuno",Pronome,Pronomi/Interrogativi,12,
is ea id,"egli, ella, esso",Pronome,Pronomi/Interrogativi,13,
sui sibi sē/sēsē,"sé, se stesso, essi stessi",Pronome,Pronomi/Interrogativi,17,
ipse ipsa ipsum,egli stesso,Pronome,Pronomi/Interrogativi,22,
meus -a -um,mio,Pronome,Pronomi/Interrogativi,41,
nōs nostrum/nostrī nōbīs nōs,noi,Pronome,Pronomi/Interrogativi,51,
noster nostra nostrum,nostro,Pronome,Pronomi/Interrogativi,52,
īdem eadem idem,"stesso, medesimo",Pronome,Pronomi/Interrogativi,59,
aliquis -quae -quod,"qualcuno, ogni; si quis, si quid: ognuno",Pronome,Pronomi/Interrogativi,77,
,"che, ogni cosa che",,,,
iste ista istud,"codesto, quello (dei tuoi); avv. istīc or",Pronome,Pronomi/Interrogativi,81,
,istūc: laggiù; istinc: da laggiù,,,,
quīdam quaedam quoddam,"qualcuno, un certo",Pronome,Pronomi/Interrogativi,126,
quisquis quidquid,"chiunque, qualunque cosa",Pronome,Pronomi/Interrogativi,129,
nēmō,"nessuno (gen. nūllīus, dat. nūllī, abl. nūllō",Pronome,Pronomi/Interrogativi,179,
,or nūllā → nūllus -a -um),,,,
quisque quaeque quidque,"qualcuno, qualche cosa",Pronome,Pronomi/Interrogativi,197,
quis quid,chi? che cosa?,Pronome,Pronomi/Interrogativi,212,
quālis -e,di che tipo? cosa?,Pronome,Pronomi/Interrogativi,263,
quīcumque quaecumque quodcumque,"chiunque, qualunque cosa",Pronome,Pronomi/Interrogativi,284,
quantus -a -um,(interr.) quanto grande? (rel.) di che,Pronome,Pronomi/Interrogativi,311,
,"dimensioni, taglia, ecc. (come sostantivo)",,,,
,"quale valore? (rel.) quale valore; quantī, a",,,,
,che prezzo? (rel.) a qual prezzo,,,,
quā,"dove, come",Pronome,Pronomi/Interrogativi,336,
sequor sequī secūtus sum,seguire,Verbo: Deponente,Movimento,108,
patior patī passus sum,"sopportare, permettere",Verbo: Deponente,Verbi di Comando/Indirizzo,185,
morior morī mortuus sum,morire,Verbo: Deponente,Vita ed Esistenza,253,
nāscor nāscī nātus sum,nascere,Verbo: Deponente,Vita ed Esistenza,266,
loquor loquī locūtus sum,parlare,Verbo: Deponente,Discorso/Oratoria,310,
ūtor ūtī ūsus sum,"usare, consumare, impiegare (+ abl.)",Verbo: Deponente,Fare/Costruire,330,
precor -ārī,"pregare, invocare",Verbo: Deponente,Religione,492,
dō dare dedī datum,dare,Verbo: I Coniugazione,Vita Sociale,28,
vocō -āre,chiamare,Verbo: I Coniugazione,Discorso/Oratoria,158,
parō -āre,"preparare, acquisire; parātus -a -um,",Verbo: I Coniugazione,Fare/Costruire,160,
,"preparato, pronto",,,,
putō -āre,"pensare, supporre",Verbo: I Coniugazione,Educazione/Conoscenza,166,
stō stāre stetī statum,stare,Verbo: I Coniugazione,Vita ed Esistenza,168,
amō -āre,amare; amāns -ntis m./f.: amante,Verbo: I Coniugazione,Love,219,
servō -āre,conservare,Verbo: I Coniugazione,La Famiglia,289,
negō -āre,"negare, rifiutare",Verbo: I Coniugazione,Discorso/Oratoria,294,
mūtō -āre,cambiare,Verbo: I Coniugazione,Fare/Costruire,315,
iuvō iuvāre iūvī iūtum,"aiutare, assistere; piacere a",Verbo: I Coniugazione,Vita Sociale,390,
errō -āre,"andare in giro, vagare",Verbo: I Coniugazione,Viaggio,402,
optō -āre,scegliere,Verbo: I Coniugazione,Tratti della,417,
,,,Personalità/Caratteristiche,,
praestō -stāre -stitī -stitum,"eccellere, dimostrare",Verbo: I Coniugazione,Altri Sensi,423,
temptō -āre,"tentare, provare",Verbo: I Coniugazione,Fare/Costruire,430,
laudō -āre,"lodare, apprezzare",Verbo: I Coniugazione,Vita Sociale,435,
exspectō -āre,aspettare,Verbo: I Coniugazione,Vista,442,
occupō -āre,"assediare, occupare; anticipare, fare",Verbo: I Coniugazione,Guerra e Pace,472,
,qualcosa prima (+ infin.),,,,
spectō -āre,"guardare, considerare",Verbo: I Coniugazione,Vista,473,
videō vidēre vīdī vīsum,vedere,Verbo: II Coniugazione,Vista,31,
habeō habēre habuī habitum,"avere, tenere",Verbo: II Coniugazione,Altri Sensi,39,
iubeō iubēre iussī iussum,"ordinare, offrire",Verbo: II Coniugazione,Giustizia,84,
teneō -ēre -uī tentum,"tenere, prendere",Verbo: II Coniugazione,Altri Sensi,106,
timeō -ēre -uī,"temere, aver terrore",Verbo: II Coniugazione,Emozioni,153,
dēbeō dēbēre dēbuī dēbitum,"dovere, essere obbligati a",Verbo: II Coniugazione,Affari/Soldi,155,
moveō -ēre mōvī mōtum,"muovere, spostare",Verbo: II Coniugazione,Movimento,192,
iaceō iacēre iacuī,"giacere, soccombere",Verbo: II Coniugazione,La Casa,228,
soleō -ēre -uī -itum,"solere, essere solito",Verbo: II Coniugazione,Tratti della,246,
,,,Personalità/Caratteristiche,,
audeō audēre ausus sum,osare,Verbo: II Coniugazione,Tratti della,270,
,,,Personalità/Caratteristiche,,
placeō placēre placuī placitum,"piacere, compiacere",Verbo: II Coniugazione,Vita Sociale,287,
solvō solvere solvī solūtum,"rilasciare, sciogliere, salpare",Verbo: II Coniugazione,Viaggio,325,
maneō manēre mānsī mānsum,rimanere,Verbo: II Coniugazione,Viaggio,357,
taceō -ēre -uī -itum,"tacere; tacitus -a -um, tacito, silente",Verbo: II Coniugazione,Altri Sensi,369,
doceō -ēre -uī doctum,insegnare,Verbo: II Coniugazione,Educazione/Conoscenza,393,
gaudeō gaudēre gāvīsus sum,"gioire, essere lieto",Verbo: II Coniugazione,Emozioni,407,
misceō miscēre miscuī mixtum,"miscelare, mischiare",Verbo: II Coniugazione,Terra e Acqua,425,
fleō flēre flēvī flētum,piangere,Verbo: II Coniugazione,Emozioni,457,
faciō facere fēcī factum,fare,Verbo: III Coniugazione -iō,Fare/Costruire,32,
accipiō -cipere -cēpī -ceptum,ricevere,Verbo: III Coniugazione -iō,Vita Sociale,110,
capiō capere cēpī captum,"prendere, cogliere",Verbo: III Coniugazione -iō,Guerra e Pace,131,
fugiō fugere fūgī fugitum,"fuggire, scappare",Verbo: III Coniugazione -iō,Viaggio,177,
rapiō rapere rapuī raptum,"saccheggiare, rapire",Verbo: III Coniugazione -iō,Violenza,273,
recipiō -cipere -cēpī -ceptum,"ricevere; sē recipere, recarsi, andare",Verbo: III Coniugazione -iō,Verbi di Trasporto,319,
ēripiō -ripere -ripuī -reptum,"strappare via, salvare",Verbo: III Coniugazione -iō,Verbi di Trasporto,349,
excipiō -cipere -cēpī -ceptum,portar fuori,Verbo: III Coniugazione -iō,Verbi di Trasporto,394,
incipiō -cipere -cēpī -ceptum,iniziare,Verbo: III Coniugazione -iō,Tempo,411,
cupiō -ere -īvī -ītum,desiderare,Verbo: III Coniugazione -iō,Love,441,
aspiciō -ere -spēxī -spectum,"guardare, scorgere",Verbo: III Coniugazione -iō,Vista,483,
dīcō dīcere dīxī dictum,"dire; causam dīcere, perorare una causa;",Verbo: III Coniugazione -ō,Discorso/Oratoria,33,
,"diem dīcere, fissare un giorno",,,,
agō agere ēgī āctum,"fare, agire",Verbo: III Coniugazione -ō,Verbi di Comando/Indirizzo,69,
petō petere petīvī petītum,"chiedere, aspirare a",Verbo: III Coniugazione -ō,Movimento,83,
vincō vincere vīcī victum,conquistare,Verbo: III Coniugazione -ō,Guerra e Pace,101,
pōnō pōnere posuī positum,"mettere, porre",Verbo: III Coniugazione -ō,Verbi di Trasporto,102,
crēdō crēdere crēdidī crēditum,credere,Verbo: III Coniugazione -ō,Educazione/Conoscenza,109,
quaerō -rere -sīvī -sītum,"chiedere, cercare",Verbo: III Coniugazione -ō,Educazione/Conoscenza,113,
mittō mittere mīsī missum,"mandare, lasciar andare",Verbo: III Coniugazione -ō,Verbi di Comando/Indirizzo,114,
dūcō dūcere dūxī ductum,"condurre; uxōrem dūcere, sposare",Verbo: III Coniugazione -ō,Verbi di Comando/Indirizzo,133,
relinquō -linquere -līquī -lictum,abbandonare,Verbo: III Coniugazione -ō,Movimento,144,
vīvō vīvere vīxī vīctum,vivere,Verbo: III Coniugazione -ō,Vita ed Esistenza,156,
reddō -dere -didī -ditum,"ridare, rendere",Verbo: III Coniugazione -ō,Verbi di Trasporto,174,
cadō cadere cecidī cāsum,"cadere, essere uccisi",Verbo: III Coniugazione -ō,Violenza,210,
trahō trahere trāxī trāctum,"trascinare, trarre",Verbo: III Coniugazione -ō,Verbi di Comando/Indirizzo,213,
gerō gerere gessī gestum,"portare, gestire; bellum gerere, fare",Verbo: III Coniugazione -ō,Guerra e Pace,237,
,guerra,,,,
premō premere pressī pressum,"premere, soverchiare, perseguire",Verbo: III Coniugazione -ō,Guerra e Pace,240,
cōgō cōgere coēgī coāctum,"guidare assieme, costringere",Verbo: III Coniugazione -ō,Verbi di Comando/Indirizzo,250,
vertō vertere vertī versum,girare,Verbo: III Coniugazione -ō,Movimento,288,
trādō -dere -didī -ditum,"consegnare, rendere",Verbo: III Coniugazione -ō,Affari/Soldi,297,
cēdō cēdere cessī cessum,andare via; cedere,Verbo: III Coniugazione -ō,Guerra e Pace,304,
colō colere coluī cultum,"abitare, coltivare",Verbo: III Coniugazione -ō,Animali/Piante,333,
cōgnōscō -gnōscere -gnōvī -gnitum,"imparare, capire",Verbo: III Coniugazione -ō,Educazione/Conoscenza,339,
frangō frangere frēgī frāctum,"rompere, scuotere",Verbo: III Coniugazione -ō,Violenza,345,
nōscō nōscere nōvī nōtum,"imparare, conoscere",Verbo: III Coniugazione -ō,Educazione/Conoscenza,347,
ostendō ostendere ostendī ostentum,"mostrare, ostentare",Verbo: III Coniugazione -ō,Altri Sensi,371,
tegō tegere tēxī tēctum,"coprire, nascondere",Verbo: III Coniugazione -ō,Inganno,376,
canō canere cecinī cantum,cantare,Verbo: III Coniugazione -ō,Scrittura/Poesia,389,
claudō claudere clausī clausum,chiudere,Verbo: III Coniugazione -ō,La Casa,392,
parcō parcere pepercī parsum,"risparmiare, essere parco di (+ dat.)",Verbo: III Coniugazione -ō,Guerra e Pace,412,
legō legere lēgī lēctum,"leggere, scegliere, raccogliere",Verbo: III Coniugazione -ō,Scrittura/Poesia,419,
metuō metuere metuī,"mettere paura, terrorizzare",Verbo: III Coniugazione -ō,Emozioni,429,
addō -dere -didī -ditum,dare a,Verbo: III Coniugazione -ō,Vita Sociale,433,
impōnō -ere -posuī -positum,"imporre, prelevare",Verbo: III Coniugazione -ō,Misura,437,
compōnō -pōnere posuī positum,"costruire, comporre",Verbo: III Coniugazione -ō,Fare/Costruire,443,
sūmō sūmere sūmpsī sūmptum,"prendere, scegliere",Verbo: III Coniugazione -ō,Movimento,454,
discō -ere didicī,imparare,Verbo: III Coniugazione -ō,Educazione/Conoscenza,465,
lemma,traduzione,parte del discorso,gruppo,posizione,
rumpō rumpere rūpī ruptum,"rompere, spaccare",Verbo: III Coniugazione -ō,Violenza,480,
āmittō -mittere -mīsī -missum,"lasciar andare, madar via",Verbo: III Coniugazione -ō,Verbi di Comando/Indirizzo,486,
pōscō pōscere popōscī,"chiedere, reclamare; interrogare",Verbo: III Coniugazione -ō,Discorso/Oratoria,487,
perdō -dere -didī -ditum,distruggere,Verbo: III Coniugazione -ō,Violenza,488,
contingō -tingere -tigī -tactum,"toccare, essere contiguo a",Verbo: III Coniugazione -ō,Luogo,494,
exigō -igere -ēgī -āctum,scacciare; riscuotere,Verbo: III Coniugazione -ō,Verbi di Comando/Indirizzo,500,
licet licēre licuit licitum est,è permesso (+ dat. + infin.),Verbo: Impersonale,Giustizia,175,
sum esse fuī futūrum,"essere, esistere; fut. infin. = fore, imperf.",Verbo: Irregolare,Vita ed Esistenza,2,
,cong. = forem per essem,,,,
possum posse potuī,potere,Verbo: Irregolare,Fare/Costruire,23,
ferō ferre tulī lātum,"portare, sopportare",Verbo: Irregolare,Verbi di Trasporto,45,
volō velle voluī,volere,Verbo: Irregolare,Emozioni,66,
eō īre iī/īvī itum,andare,Verbo: Irregolare,Movimento,97,
fīō fierī factus sum,"diventare, accadere, esser fatto",Verbo: Irregolare,Vita ed Esistenza,146,
"inquam, inquis, inquit, inquiunt:",dire (usato nel discorso diretto),Verbo: Irregolare,Discorso/Oratoria,163,
referō referre rettulī relātum,"portare indietro, riportare",Verbo: Irregolare,Verbi di Trasporto,171,
pereō -īre -iī -itum,"perire, essere persi",Verbo: Irregolare,Violenza,268,
adsum adesse affuī,essere presente,Verbo: Irregolare,Luogo,279,
tollō tollere sustulī sublātum,"alzare, distruggere",Verbo: Irregolare,Violenza,293,
redeō -īre -iī -itum,"tornare indietro, ritornare",Verbo: Irregolare,Movimento,301,
coepī coepisse coeptus,iniziare,Verbo: Irregolare,Tempo,312,
prōsum prodesse profuī,"giovare, aiutare (+ dat.)",Verbo: Irregolare,Vita Sociale,373,
aiō,"dire, affermare, dire di sì; ut āiunt: come",Verbo: Irregolare,Discorso/Oratoria,406,
,dicono,,,,
trānseō -īre -iī -itum,attraversare,Verbo: Irregolare,Viaggio,431,
absum abesse āfuī,"essere via, assentarsi",Verbo: Irregolare,Viaggio,445,
nōlō nōlle nōluī,non volere,Verbo: Irregolare,Emozioni,458,
dēsum -esse -fuī,mancare,Verbo: Irregolare,Affari/Soldi,463,
veniō venīre vēnī ventum,venire,Verbo: IV Coniugazione,Movimento,63,
audiō -īre -īvī/-iī -ītum,"udire, ascoltare",Verbo: IV Coniugazione,Altri Sensi,165,
sciō -īre -īvī/-iī -ītum,sapere,Verbo: IV Coniugazione,Educazione/Conoscenza,172,
sentiō sentīre sēnsī sēnsum,"percepire, sentire, vedere",Verbo: IV Coniugazione,Altri Sensi,302,
inveniō -venīre -vēnī -ventum,trovare; scoprire,Verbo: IV Coniugazione,Viaggio,316,
perveniō -venīre -vēnī -ventum,arrivare; raggiungere,Verbo: IV Coniugazione,Viaggio,409,
